ReferenceIMAGE,ConsumerImage,LabelNDC
00002-3228-30_PART_1_OF_1_CHAL10_SF_391E1C80.jpg,2283.jpg,00002-3228-30
00002-3228-30_PART_1_OF_1_CHAL10_SF_391E1C80.jpg,588.jpg,00002-3228-30
00002-3228-30_PART_1_OF_1_CHAL10_SF_391E1C80.jpg,4275.jpg,00002-3228-30
00002-3228-30_PART_1_OF_1_CHAL10_SF_391E1C80.jpg,1292.jpg,00002-3228-30
00002-3228-30_PART_1_OF_1_CHAL10_SF_391E1C80.jpg,3598.jpg,00002-3228-30
00093-7267-01_PART_1_OF_1_CHAL10_SF_DF2FEFEF.jpg,3320.jpg,00093-7267-01
00093-7267-01_PART_1_OF_1_CHAL10_SF_DF2FEFEF.jpg,2267.jpg,00093-7267-01
00093-7267-01_PART_1_OF_1_CHAL10_SF_DF2FEFEF.jpg,2095.jpg,00093-7267-01
00093-7267-01_PART_1_OF_1_CHAL10_SF_DF2FEFEF.jpg,1702.jpg,00093-7267-01
00093-7267-01_PART_1_OF_1_CHAL10_SF_DF2FEFEF.jpg,3844.jpg,00093-7267-01
00093-7338-01_PART_1_OF_1_CHAL10_SF_642D3229.jpg,1168.jpg,00093-7338-01
00093-7338-01_PART_1_OF_1_CHAL10_SF_642D3229.jpg,3876.jpg,00093-7338-01
00093-7338-01_PART_1_OF_1_CHAL10_SF_642D3229.jpg,2180.jpg,00093-7338-01
00093-7338-01_PART_1_OF_1_CHAL10_SF_642D3229.jpg,805.jpg,00093-7338-01
00093-7338-01_PART_1_OF_1_CHAL10_SF_642D3229.jpg,3353.jpg,00093-7338-01
00378-2180-01_PART_1_OF_1_CHAL10_SF_8F23479A.jpg,3121.jpg,00378-2180-01
00378-2180-01_PART_1_OF_1_CHAL10_SF_8F23479A.jpg,1172.jpg,00378-2180-01
00378-2180-01_PART_1_OF_1_CHAL10_SF_8F23479A.jpg,2016.jpg,00378-2180-01
00378-2180-01_PART_1_OF_1_CHAL10_SF_8F23479A.jpg,4078.jpg,00378-2180-01
00378-2180-01_PART_1_OF_1_CHAL10_SF_8F23479A.jpg,46.jpg,00378-2180-01
00456-1550-60_PART_1_OF_1_CHAL10_SF_0D1C8694.jpg,2355.jpg,00456-1550-60
00456-1550-60_PART_1_OF_1_CHAL10_SF_0D1C8694.jpg,2398.jpg,00456-1550-60
00456-1550-60_PART_1_OF_1_CHAL10_SF_0D1C8694.jpg,609.jpg,00456-1550-60
00456-1550-60_PART_1_OF_1_CHAL10_SF_0D1C8694.jpg,2199.jpg,00456-1550-60
00456-1550-60_PART_1_OF_1_CHAL10_SF_0D1C8694.jpg,795.jpg,00456-1550-60
00555-0589-01_PART_1_OF_1_CHAL10_SF_172F8B9C.jpg,3236.jpg,00555-0589-01
00555-0589-01_PART_1_OF_1_CHAL10_SF_172F8B9C.jpg,4501.jpg,00555-0589-01
00555-0589-01_PART_1_OF_1_CHAL10_SF_172F8B9C.jpg,2999.jpg,00555-0589-01
00555-0589-01_PART_1_OF_1_CHAL10_SF_172F8B9C.jpg,1210.jpg,00555-0589-01
00555-0589-01_PART_1_OF_1_CHAL10_SF_172F8B9C.jpg,2087.jpg,00555-0589-01
00555-1056-86_PART_1_OF_1_CHAL10_SF_DA306D53.jpg,2945.jpg,00555-1056-86
00555-1056-86_PART_1_OF_1_CHAL10_SF_DA306D53.jpg,2413.jpg,00555-1056-86
00555-1056-86_PART_1_OF_1_CHAL10_SF_DA306D53.jpg,2805.jpg,00555-1056-86
00555-1056-86_PART_1_OF_1_CHAL10_SF_DA306D53.jpg,4184.jpg,00555-1056-86
00555-1056-86_PART_1_OF_1_CHAL10_SF_DA306D53.jpg,883.jpg,00555-1056-86
00591-5556-01_PART_1_OF_1_CHAL10_SF_0E21876C.jpg,536.jpg,00591-5556-01
00591-5556-01_PART_1_OF_1_CHAL10_SF_0E21876C.jpg,2583.jpg,00591-5556-01
00591-5556-01_PART_1_OF_1_CHAL10_SF_0E21876C.jpg,1160.jpg,00591-5556-01
00591-5556-01_PART_1_OF_1_CHAL10_SF_0E21876C.jpg,1476.jpg,00591-5556-01
00591-5556-01_PART_1_OF_1_CHAL10_SF_0E21876C.jpg,2102.jpg,00591-5556-01
00603-5771-21_PART_1_OF_1_CHAL10_SF_38231C78.jpg,395.jpg,00603-5771-21
00603-5771-21_PART_1_OF_1_CHAL10_SF_38231C78.jpg,2217.jpg,00603-5771-21
00603-5771-21_PART_1_OF_1_CHAL10_SF_38231C78.jpg,4634.jpg,00603-5771-21
00603-5771-21_PART_1_OF_1_CHAL10_SF_38231C78.jpg,851.jpg,00603-5771-21
00603-5771-21_PART_1_OF_1_CHAL10_SF_38231C78.jpg,2442.jpg,00603-5771-21
00781-5185-01_PART_1_OF_1_CHAL10_SF_8323C1DE.jpg,438.jpg,00781-5185-01
00781-5185-01_PART_1_OF_1_CHAL10_SF_8323C1DE.jpg,4126.jpg,00781-5185-01
00781-5185-01_PART_1_OF_1_CHAL10_SF_8323C1DE.jpg,1041.jpg,00781-5185-01
00781-5185-01_PART_1_OF_1_CHAL10_SF_8323C1DE.jpg,234.jpg,00781-5185-01
00781-5185-01_PART_1_OF_1_CHAL10_SF_8323C1DE.jpg,3646.jpg,00781-5185-01
16252-0572-50_PART_1_OF_1_CHAL10_SF_DB1FEDBF.jpg,2655.jpg,16252-0572-50
16252-0572-50_PART_1_OF_1_CHAL10_SF_DB1FEDBF.jpg,66.jpg,16252-0572-50
16252-0572-50_PART_1_OF_1_CHAL10_SF_DB1FEDBF.jpg,1440.jpg,16252-0572-50
16252-0572-50_PART_1_OF_1_CHAL10_SF_DB1FEDBF.jpg,2950.jpg,16252-0572-50
16252-0572-50_PART_1_OF_1_CHAL10_SF_DB1FEDBF.jpg,3003.jpg,16252-0572-50
49884-0653-01_PART_1_OF_1_CHAL10_SF_4B212589.jpg,3574.jpg,49884-0653-01
49884-0653-01_PART_1_OF_1_CHAL10_SF_4B212589.jpg,4859.jpg,49884-0653-01
49884-0653-01_PART_1_OF_1_CHAL10_SF_4B212589.jpg,4030.jpg,49884-0653-01
49884-0653-01_PART_1_OF_1_CHAL10_SF_4B212589.jpg,3248.jpg,49884-0653-01
49884-0653-01_PART_1_OF_1_CHAL10_SF_4B212589.jpg,286.jpg,49884-0653-01
50111-0459-01_PART_1_OF_1_CHAL10_SF_1C300E70.jpg,155.jpg,50111-0459-01
50111-0459-01_PART_1_OF_1_CHAL10_SF_1C300E70.jpg,3408.jpg,50111-0459-01
50111-0459-01_PART_1_OF_1_CHAL10_SF_1C300E70.jpg,3572.jpg,50111-0459-01
50111-0459-01_PART_1_OF_1_CHAL10_SF_1C300E70.jpg,3553.jpg,50111-0459-01
50111-0459-01_PART_1_OF_1_CHAL10_SF_1C300E70.jpg,1004.jpg,50111-0459-01
60505-0065-00_PART_1_OF_1_CHAL10_SF_412920F9.jpg,2113.jpg,60505-0065-00
60505-0065-00_PART_1_OF_1_CHAL10_SF_412920F9.jpg,4227.jpg,60505-0065-00
60505-0065-00_PART_1_OF_1_CHAL10_SF_412920F9.jpg,2085.jpg,60505-0065-00
60505-0065-00_PART_1_OF_1_CHAL10_SF_412920F9.jpg,1802.jpg,60505-0065-00
60505-0065-00_PART_1_OF_1_CHAL10_SF_412920F9.jpg,4098.jpg,60505-0065-00
65862-0064-01_PART_1_OF_1_CHAL10_SF_252392CC.jpg,3728.jpg,65862-0064-01
65862-0064-01_PART_1_OF_1_CHAL10_SF_252392CC.jpg,2918.jpg,65862-0064-01
65862-0064-01_PART_1_OF_1_CHAL10_SF_252392CC.jpg,2247.jpg,65862-0064-01
65862-0064-01_PART_1_OF_1_CHAL10_SF_252392CC.jpg,113.jpg,65862-0064-01
65862-0064-01_PART_1_OF_1_CHAL10_SF_252392CC.jpg,188.jpg,65862-0064-01
99207-0461-30_PART_1_OF_1_CHAL10_SF_EF1C7793.jpg,3313.jpg,99207-0461-30
99207-0461-30_PART_1_OF_1_CHAL10_SF_EF1C7793.jpg,1117.jpg,99207-0461-30
99207-0461-30_PART_1_OF_1_CHAL10_SF_EF1C7793.jpg,4295.jpg,99207-0461-30
99207-0461-30_PART_1_OF_1_CHAL10_SF_EF1C7793.jpg,3763.jpg,99207-0461-30
99207-0461-30_PART_1_OF_1_CHAL10_SF_EF1C7793.jpg,2453.jpg,99207-0461-30
00004-0800-85_PART_1_OF_1_CHAL10_SF_491E24C1.jpg,4386.jpg,00004-0800-85
00004-0800-85_PART_1_OF_1_CHAL10_SF_491E24C1.jpg,76.jpg,00004-0800-85
00004-0800-85_PART_1_OF_1_CHAL10_SF_491E24C1.jpg,772.jpg,00004-0800-85
00004-0800-85_PART_1_OF_1_CHAL10_SF_491E24C1.jpg,4944.jpg,00004-0800-85
00004-0800-85_PART_1_OF_1_CHAL10_SF_491E24C1.jpg,1141.jpg,00004-0800-85
00029-3159-13_PART_1_OF_1_CHAL10_SF_E418F247.jpg,4473.jpg,00029-3159-13
00029-3159-13_PART_1_OF_1_CHAL10_SF_E418F247.jpg,794.jpg,00029-3159-13
00029-3159-13_PART_1_OF_1_CHAL10_SF_E418F247.jpg,2048.jpg,00029-3159-13
00029-3159-13_PART_1_OF_1_CHAL10_SF_E418F247.jpg,3627.jpg,00029-3159-13
00029-3159-13_PART_1_OF_1_CHAL10_SF_E418F247.jpg,708.jpg,00029-3159-13
00071-0155-23_PART_1_OF_1_CHAL10_SF_711C38F1.jpg,4735.jpg,00071-0155-23
00071-0155-23_PART_1_OF_1_CHAL10_SF_711C38F1.jpg,2723.jpg,00071-0155-23
00071-0155-23_PART_1_OF_1_CHAL10_SF_711C38F1.jpg,4876.jpg,00071-0155-23
00071-0155-23_PART_1_OF_1_CHAL10_SF_711C38F1.jpg,1001.jpg,00071-0155-23
00071-0155-23_PART_1_OF_1_CHAL10_SF_711C38F1.jpg,2088.jpg,00071-0155-23
00093-5770-56_PART_1_OF_1_CHAL10_SF_E927F4FF.jpg,505.jpg,00093-5770-56
00093-5770-56_PART_1_OF_1_CHAL10_SF_E927F4FF.jpg,4237.jpg,00093-5770-56
00093-5770-56_PART_1_OF_1_CHAL10_SF_E927F4FF.jpg,94.jpg,00093-5770-56
00093-5770-56_PART_1_OF_1_CHAL10_SF_E927F4FF.jpg,1762.jpg,00093-5770-56
00093-5770-56_PART_1_OF_1_CHAL10_SF_E927F4FF.jpg,822.jpg,00093-5770-56
