"NDC Code","Numerical Label"
"00002-3228-30","1"
"00002-3228-30","2"
"00002-3229-30","3"
"00002-3229-30","4"
"00002-3238-30","5"
"00002-3238-30","6"
"00002-3239-30","7"
"00002-3239-30","8"
"00002-3250-30","9"
"00002-3250-30","10"
"00002-3251-30","11"
"00002-3251-30","12"
"00002-4463-30","13"
"00002-4463-30","14"
"00002-4464-30","15"
"00002-4464-30","16"
"00003-4222-16","17"
"00003-4222-16","18"
"00004-0800-85","19"
"00004-0800-85","20"
"00006-0112-54","21"
"00006-0112-54","22"
"00006-0277-54","23"
"00006-0277-54","24"
"00006-0749-54","25"
"00006-0749-54","26"
"00007-4471-20","27"
"00007-4471-20","28"
"00007-4642-13","29"
"00007-4642-13","30"
"00007-4882-13","31"
"00007-4882-13","32"
"00007-4891-20","33"
"00007-4891-20","34"
"00007-4892-20","35"
"00007-4892-20","36"
"00007-4893-20","37"
"00007-4893-20","38"
"00007-4896-20","39"
"00007-4896-20","40"
"00009-0055-01","41"
"00009-0055-01","42"
"00009-7663-04","43"
"00009-7663-04","44"
"00013-5301-17","45"
"00013-5301-17","46"
"00023-9350-07","47"
"00023-9350-07","48"
"00029-3159-13","49"
"00029-3159-13","50"
"00037-2250-10","51"
"00037-2250-10","52"
"00049-4910-30","53"
"00049-4910-30","54"
"00054-0017-25","55"
"00054-0017-25","56"
"00054-0109-25","57"
"00054-0109-25","58"
"00054-0166-25","59"
"00054-0166-25","60"
"00054-2526-25","61"
"00054-2526-25","62"
"00054-4182-25","63"
"00054-4182-25","64"
"00054-4728-25","65"
"00054-4728-25","66"
"00056-0170-70","67"
"00056-0170-70","68"
"00056-0176-70","69"
"00056-0176-70","70"
"00056-0188-70","71"
"00056-0188-70","72"
"00062-2085-12","73"
"00062-2085-12","74"
"00069-1540-68","75"
"00069-1540-68","76"
"00069-2600-66","77"
"00069-2600-66","78"
"00069-4210-30","79"
"00069-4210-30","80"
"00071-0155-23","81"
"00071-0155-23","82"
"00071-0156-23","83"
"00071-0156-23","84"
"00071-0419-24","85"
"00071-0419-24","86"
"00071-1015-68","87"
"00071-1015-68","88"
"00071-1017-68","89"
"00071-1017-68","90"
"00074-1973-54","91"
"00074-1973-54","92"
"00074-3020-11","93"
"00074-3020-11","94"
"00074-3040-11","95"
"00074-3040-11","96"
"00074-3290-13","97"
"00074-3290-13","98"
"00074-5182-19","99"
"00074-5182-19","100"
"00074-6122-90","101"
"00074-6122-90","102"
"00074-6594-90","103"
"00074-6594-90","104"
"00074-7068-19","105"
"00074-7068-19","106"
"00074-7070-90","107"
"00074-7070-90","108"
"00074-7149-90","109"
"00074-7149-90","110"
"00074-9189-90","111"
"00074-9189-90","112"
"00074-9296-90","113"
"00074-9296-90","114"
"00075-7700-60","115"
"00075-7700-60","116"
"00078-0358-34","117"
"00078-0358-34","118"
"00078-0359-34","119"
"00078-0359-34","120"
"00078-0360-34","121"
"00078-0360-34","122"
"00078-0486-15","123"
"00078-0486-15","124"
"00078-0521-15","125"
"00078-0521-15","126"
"00078-0572-15","127"
"00078-0572-15","128"
"00078-0574-15","129"
"00078-0574-15","130"
"00085-1322-01","131"
"00085-1322-01","132"
"00093-0011-98","133"
"00093-0011-98","134"
"00093-0012-98","135"
"00093-0012-98","136"
"00093-0017-01","137"
"00093-0017-01","138"
"00093-0026-01","139"
"00093-0026-01","140"
"00093-0027-01","141"
"00093-0027-01","142"
"00093-0028-01","143"
"00093-0028-01","144"
"00093-0029-01","145"
"00093-0029-01","146"
"00093-0039-01","147"
"00093-0039-01","148"
"00093-0041-65","149"
"00093-0041-65","150"
"00093-0051-01","151"
"00093-0051-01","152"
"00093-0051-01","153"
"00093-0051-01","154"
"00093-0054-01","155"
"00093-0054-01","156"
"00093-0058-01","157"
"00093-0058-01","158"
"00093-0058-05","159"
"00093-0058-05","160"
"00093-0076-01","161"
"00093-0076-01","162"
"00093-0083-98","163"
"00093-0083-98","164"
"00093-0090-01","165"
"00093-0090-01","166"
"00093-0109-01","167"
"00093-0109-01","168"
"00093-0132-01","169"
"00093-0132-01","170"
"00093-0135-01","171"
"00093-0135-01","172"
"00093-0135-01","173"
"00093-0135-01","174"
"00093-0147-01","175"
"00093-0147-01","176"
"00093-0148-01","177"
"00093-0148-01","178"
"00093-0149-01","179"
"00093-0149-01","180"
"00093-0149-01","181"
"00093-0149-01","182"
"00093-0154-01","183"
"00093-0154-01","184"
"00093-0155-06","185"
"00093-0155-06","186"
"00093-0173-56","187"
"00093-0173-56","188"
"00093-0174-56","189"
"00093-0174-56","190"
"00093-0199-01","191"
"00093-0199-01","192"
"00093-0199-01","193"
"00093-0199-01","194"
"00093-0220-56","195"
"00093-0220-56","196"
"00093-0221-06","197"
"00093-0221-06","198"
"00093-0225-06","199"
"00093-0225-06","200"
"00093-0233-56","201"
"00093-0233-56","202"
"00093-0308-01","203"
"00093-0308-01","204"
"00093-0311-01","205"
"00093-0311-01","206"
"00093-0314-01","207"
"00093-0314-01","208"
"00093-0318-01","209"
"00093-0318-01","210"
"00093-0319-01","211"
"00093-0319-01","212"
"00093-0320-01","213"
"00093-0320-01","214"
"00093-0321-01","215"
"00093-0321-01","216"
"00093-0463-01","217"
"00093-0463-01","218"
"00093-0536-01","219"
"00093-0536-01","220"
"00093-0537-01","221"
"00093-0537-01","222"
"00093-0576-06","223"
"00093-0576-06","224"
"00093-0576-06","225"
"00093-0576-06","226"
"00093-0657-01","227"
"00093-0657-01","228"
"00093-0658-01","229"
"00093-0658-01","230"
"00093-0670-06","231"
"00093-0670-06","232"
"00093-0688-01","233"
"00093-0688-01","234"
"00093-0711-01","235"
"00093-0711-01","236"
"00093-0733-01","237"
"00093-0733-01","238"
"00093-0733-01","239"
"00093-0733-01","240"
"00093-0734-01","241"
"00093-0734-01","242"
"00093-0734-01","243"
"00093-0734-01","244"
"00093-0752-01","245"
"00093-0752-01","246"
"00093-0753-01","247"
"00093-0753-01","248"
"00093-0755-06","249"
"00093-0755-06","250"
"00093-0756-01","251"
"00093-0756-01","252"
"00093-0756-01","253"
"00093-0756-01","254"
"00093-0757-01","255"
"00093-0757-01","256"
"00093-0771-98","257"
"00093-0771-98","258"
"00093-0778-01","259"
"00093-0778-01","260"
"00093-0782-56","261"
"00093-0782-56","262"
"00093-0784-06","263"
"00093-0784-06","264"
"00093-0787-01","265"
"00093-0787-01","266"
"00093-0810-01","267"
"00093-0810-01","268"
"00093-0810-01","269"
"00093-0810-01","270"
"00093-0811-01","271"
"00093-0811-01","272"
"00093-0811-01","273"
"00093-0811-01","274"
"00093-0812-01","275"
"00093-0812-01","276"
"00093-0813-01","277"
"00093-0813-01","278"
"00093-0813-01","279"
"00093-0813-01","280"
"00093-0852-53","281"
"00093-0852-53","282"
"00093-0892-01","283"
"00093-0892-01","284"
"00093-0900-01","285"
"00093-0900-01","286"
"00093-0924-01","287"
"00093-0924-01","288"
"00093-0926-06","289"
"00093-0926-06","290"
"00093-0928-06","291"
"00093-0928-06","292"
"00093-0948-01","293"
"00093-0948-01","294"
"00093-0983-01","295"
"00093-0983-01","296"
"00093-1003-01","297"
"00093-1003-01","298"
"00093-1005-01","299"
"00093-1005-01","300"
"00093-1006-01","301"
"00093-1006-01","302"
"00093-1015-01","303"
"00093-1015-01","304"
"00093-1016-01","305"
"00093-1016-01","306"
"00093-1024-06","307"
"00093-1024-06","308"
"00093-1025-06","309"
"00093-1025-06","310"
"00093-1026-06","311"
"00093-1026-06","312"
"00093-1041-01","313"
"00093-1041-01","314"
"00093-1044-01","315"
"00093-1044-01","316"
"00093-1048-98","317"
"00093-1048-98","318"
"00093-1049-98","319"
"00093-1049-98","320"
"00093-1052-01","321"
"00093-1052-01","322"
"00093-1060-01","323"
"00093-1060-01","324"
"00093-1060-01","325"
"00093-1060-01","326"
"00093-1061-01","327"
"00093-1061-01","328"
"00093-1062-01","329"
"00093-1062-01","330"
"00093-1063-01","331"
"00093-1063-01","332"
"00093-1063-01","333"
"00093-1063-01","334"
"00093-1077-01","335"
"00093-1077-01","336"
"00093-1078-53","337"
"00093-1078-53","338"
"00093-1087-01","339"
"00093-1087-01","340"
"00093-1118-01","341"
"00093-1118-01","342"
"00093-1122-01","343"
"00093-1122-01","344"
"00093-1172-01","345"
"00093-1172-01","346"
"00093-1174-01","347"
"00093-1174-01","348"
"00093-1177-01","349"
"00093-1177-01","350"
"00093-1893-01","351"
"00093-1893-01","352"
"00093-2046-56","353"
"00093-2046-56","354"
"00093-2047-56","355"
"00093-2047-56","356"
"00093-2048-56","357"
"00093-2048-56","358"
"00093-2055-06","359"
"00093-2055-06","360"
"00093-2060-98","361"
"00093-2060-98","362"
"00093-2061-98","363"
"00093-2061-98","364"
"00093-2075-01","365"
"00093-2075-01","366"
"00093-2080-01","367"
"00093-2080-01","368"
"00093-2130-01","369"
"00093-2130-01","370"
"00093-2131-01","371"
"00093-2131-01","372"
"00093-2158-01","373"
"00093-2158-01","374"
"00093-2203-01","375"
"00093-2203-01","376"
"00093-2204-01","377"
"00093-2204-01","378"
"00093-2204-01","379"
"00093-2204-01","380"
"00093-2210-98","381"
"00093-2210-98","382"
"00093-2263-01","383"
"00093-2263-01","384"
"00093-2264-01","385"
"00093-2264-01","386"
"00093-2267-01","387"
"00093-2267-01","388"
"00093-2268-01","389"
"00093-2268-01","390"
"00093-2270-34","391"
"00093-2270-34","392"
"00093-2272-34","393"
"00093-2272-34","394"
"00093-2274-34","395"
"00093-2274-34","396"
"00093-2275-34","397"
"00093-2275-34","398"
"00093-2929-01","399"
"00093-2929-01","400"
"00093-2931-01","401"
"00093-2931-01","402"
"00093-2932-01","403"
"00093-2932-01","404"
"00093-3002-56","405"
"00093-3002-56","406"
"00093-3010-84","407"
"00093-3010-84","408"
"00093-3011-01","409"
"00093-3011-01","410"
"00093-3012-84","411"
"00093-3012-84","412"
"00093-3109-53","413"
"00093-3109-53","414"
"00093-3123-01","415"
"00093-3123-01","416"
"00093-3125-01","417"
"00093-3125-01","418"
"00093-3127-01","419"
"00093-3127-01","420"
"00093-3129-01","421"
"00093-3129-01","422"
"00093-3147-01","423"
"00093-3147-01","424"
"00093-3147-01","425"
"00093-3147-01","426"
"00093-3160-06","427"
"00093-3160-06","428"
"00093-3165-01","429"
"00093-3165-01","430"
"00093-3165-01","431"
"00093-3165-01","432"
"00093-3167-53","433"
"00093-3167-53","434"
"00093-3167-53","435"
"00093-3167-53","436"
"00093-3171-01","437"
"00093-3171-01","438"
"00093-3171-01","439"
"00093-3171-01","440"
"00093-3193-01","441"
"00093-3193-01","442"
"00093-3195-01","443"
"00093-3195-01","444"
"00093-3196-53","445"
"00093-3196-53","446"
"00093-4029-01","447"
"00093-4029-01","448"
"00093-4030-01","449"
"00093-4030-01","450"
"00093-4030-01","451"
"00093-4030-01","452"
"00093-4059-53","453"
"00093-4059-53","454"
"00093-4067-01","455"
"00093-4067-01","456"
"00093-4068-01","457"
"00093-4068-01","458"
"00093-4069-01","459"
"00093-4069-01","460"
"00093-4232-01","461"
"00093-4232-01","462"
"00093-4233-01","463"
"00093-4233-01","464"
"00093-4234-01","465"
"00093-4234-01","466"
"00093-4235-01","467"
"00093-4235-01","468"
"00093-4236-01","469"
"00093-4236-01","470"
"00093-4236-01","471"
"00093-4236-01","472"
"00093-4237-01","473"
"00093-4237-01","474"
"00093-4237-01","475"
"00093-4237-01","476"
"00093-4336-01","477"
"00093-4336-01","478"
"00093-4338-01","479"
"00093-4338-01","480"
"00093-4339-01","481"
"00093-4339-01","482"
"00093-4356-01","483"
"00093-4356-01","484"
"00093-4359-01","485"
"00093-4359-01","486"
"00093-4404-01","487"
"00093-4404-01","488"
"00093-4405-01","489"
"00093-4405-01","490"
"00093-4443-01","491"
"00093-4443-01","492"
"00093-4444-01","493"
"00093-4444-01","494"
"00093-4740-01","495"
"00093-4740-01","496"
"00093-4741-01","497"
"00093-4741-01","498"
"00093-4742-01","499"
"00093-4742-01","500"
"00093-5035-01","501"
"00093-5035-01","502"
"00093-5036-01","503"
"00093-5036-01","504"
"00093-5049-06","505"
"00093-5049-06","506"
"00093-5050-06","507"
"00093-5050-06","508"
"00093-5061-01","509"
"00093-5061-01","510"
"00093-5062-05","511"
"00093-5062-05","512"
"00093-5105-56","513"
"00093-5105-56","514"
"00093-5112-98","515"
"00093-5112-98","516"
"00093-5116-01","517"
"00093-5116-01","518"
"00093-5117-98","519"
"00093-5117-98","520"
"00093-5118-98","521"
"00093-5118-98","522"
"00093-5119-98","523"
"00093-5119-98","524"
"00093-5124-01","525"
"00093-5124-01","526"
"00093-5125-01","527"
"00093-5125-01","528"
"00093-5126-01","529"
"00093-5126-01","530"
"00093-5127-01","531"
"00093-5127-01","532"
"00093-5140-56","533"
"00093-5140-56","534"
"00093-5141-56","535"
"00093-5141-56","536"
"00093-5142-56","537"
"00093-5142-56","538"
"00093-5150-01","539"
"00093-5150-01","540"
"00093-5171-20","541"
"00093-5171-20","542"
"00093-5172-20","543"
"00093-5172-20","544"
"00093-5206-01","545"
"00093-5206-01","546"
"00093-5207-01","547"
"00093-5207-01","548"
"00093-5208-01","549"
"00093-5208-01","550"
"00093-5213-01","551"
"00093-5213-01","552"
"00093-5214-01","553"
"00093-5214-01","554"
"00093-5215-01","555"
"00093-5215-01","556"
"00093-5246-65","557"
"00093-5246-65","558"
"00093-5247-65","559"
"00093-5247-65","560"
"00093-5256-68","561"
"00093-5256-68","562"
"00093-5256-68","563"
"00093-5256-68","564"
"00093-5271-56","565"
"00093-5271-56","566"
"00093-5289-56","567"
"00093-5289-56","568"
"00093-5290-56","569"
"00093-5290-56","570"
"00093-5353-01","571"
"00093-5353-01","572"
"00093-5385-06","573"
"00093-5385-06","574"
"00093-5420-88","575"
"00093-5420-88","576"
"00093-5455-28","577"
"00093-5455-28","578"
"00093-5501-01","579"
"00093-5501-01","580"
"00093-5502-01","581"
"00093-5502-01","582"
"00093-5504-56","583"
"00093-5504-56","584"
"00093-5505-56","585"
"00093-5505-56","586"
"00093-5506-56","587"
"00093-5506-56","588"
"00093-5507-56","589"
"00093-5507-56","590"
"00093-5703-01","591"
"00093-5703-01","592"
"00093-5710-01","593"
"00093-5710-01","594"
"00093-5711-01","595"
"00093-5711-01","596"
"00093-5712-01","597"
"00093-5712-01","598"
"00093-5768-56","599"
"00093-5768-56","600"
"00093-5769-56","601"
"00093-5769-56","602"
"00093-5770-56","603"
"00093-5770-56","604"
"00093-5850-01","605"
"00093-5850-01","606"
"00093-5851-01","607"
"00093-5851-01","608"
"00093-5852-01","609"
"00093-5852-01","610"
"00093-7113-06","611"
"00093-7113-06","612"
"00093-7114-98","613"
"00093-7114-98","614"
"00093-7115-98","615"
"00093-7115-98","616"
"00093-7115-98","617"
"00093-7115-98","618"
"00093-7116-98","619"
"00093-7116-98","620"
"00093-7121-98","621"
"00093-7121-98","622"
"00093-7146-18","623"
"00093-7146-18","624"
"00093-7146-56","625"
"00093-7146-56","626"
"00093-7147-56","627"
"00093-7147-56","628"
"00093-7152-98","629"
"00093-7152-98","630"
"00093-7153-56","631"
"00093-7153-56","632"
"00093-7154-56","633"
"00093-7154-56","634"
"00093-7155-56","635"
"00093-7155-56","636"
"00093-7155-98","637"
"00093-7155-98","638"
"00093-7156-56","639"
"00093-7156-56","640"
"00093-7157-06","641"
"00093-7157-06","642"
"00093-7158-06","643"
"00093-7158-06","644"
"00093-7167-98","645"
"00093-7167-98","646"
"00093-7168-98","647"
"00093-7168-98","648"
"00093-7169-56","649"
"00093-7169-56","650"
"00093-7178-01","651"
"00093-7178-01","652"
"00093-7180-01","653"
"00093-7180-01","654"
"00093-7181-01","655"
"00093-7181-01","656"
"00093-7182-01","657"
"00093-7182-01","658"
"00093-7188-56","659"
"00093-7188-56","660"
"00093-7188-56","661"
"00093-7188-56","662"
"00093-7198-56","663"
"00093-7198-56","664"
"00093-7201-98","665"
"00093-7201-98","666"
"00093-7202-98","667"
"00093-7202-98","668"
"00093-7206-56","669"
"00093-7206-56","670"
"00093-7207-56","671"
"00093-7207-56","672"
"00093-7208-56","673"
"00093-7208-56","674"
"00093-7212-01","675"
"00093-7212-01","676"
"00093-7212-01","677"
"00093-7212-01","678"
"00093-7214-98","679"
"00093-7214-98","680"
"00093-7219-06","681"
"00093-7219-06","682"
"00093-7220-06","683"
"00093-7220-06","684"
"00093-7222-98","685"
"00093-7222-98","686"
"00093-7223-98","687"
"00093-7223-98","688"
"00093-7224-98","689"
"00093-7224-98","690"
"00093-7227-72","691"
"00093-7227-72","692"
"00093-7234-01","693"
"00093-7234-01","694"
"00093-7236-56","695"
"00093-7236-56","696"
"00093-7238-98","697"
"00093-7238-98","698"
"00093-7239-98","699"
"00093-7239-98","700"
"00093-7240-06","701"
"00093-7240-06","702"
"00093-7241-06","703"
"00093-7241-06","704"
"00093-7242-06","705"
"00093-7242-06","706"
"00093-7243-06","707"
"00093-7243-06","708"
"00093-7244-06","709"
"00093-7244-06","710"
"00093-7247-06","711"
"00093-7247-06","712"
"00093-7248-06","713"
"00093-7248-06","714"
"00093-7254-01","715"
"00093-7254-01","716"
"00093-7256-01","717"
"00093-7256-01","718"
"00093-7256-01","719"
"00093-7256-01","720"
"00093-7258-56","721"
"00093-7258-56","722"
"00093-7259-56","723"
"00093-7259-56","724"
"00093-7267-01","725"
"00093-7267-01","726"
"00093-7270-98","727"
"00093-7270-98","728"
"00093-7285-89","729"
"00093-7285-89","730"
"00093-7286-89","731"
"00093-7286-89","732"
"00093-7287-89","733"
"00093-7287-89","734"
"00093-7292-53","735"
"00093-7292-53","736"
"00093-7293-53","737"
"00093-7293-53","738"
"00093-7294-01","739"
"00093-7294-01","740"
"00093-7295-01","741"
"00093-7295-01","742"
"00093-7296-01","743"
"00093-7296-01","744"
"00093-7303-65","745"
"00093-7303-65","746"
"00093-7304-65","747"
"00093-7304-65","748"
"00093-7305-65","749"
"00093-7305-65","750"
"00093-7314-56","751"
"00093-7314-56","752"
"00093-7325-01","753"
"00093-7325-01","754"
"00093-7326-01","755"
"00093-7326-01","756"
"00093-7327-01","757"
"00093-7327-01","758"
"00093-7334-01","759"
"00093-7334-01","760"
"00093-7335-06","761"
"00093-7335-06","762"
"00093-7336-06","763"
"00093-7336-06","764"
"00093-7338-01","765"
"00093-7338-01","766"
"00093-7350-56","767"
"00093-7350-56","768"
"00093-7355-56","769"
"00093-7355-56","770"
"00093-7364-98","771"
"00093-7364-98","772"
"00093-7365-56","773"
"00093-7365-56","774"
"00093-7366-56","775"
"00093-7366-56","776"
"00093-7367-56","777"
"00093-7367-56","778"
"00093-7368-56","779"
"00093-7368-56","780"
"00093-7369-56","781"
"00093-7369-56","782"
"00093-7370-01","783"
"00093-7370-01","784"
"00093-7370-01","785"
"00093-7370-01","786"
"00093-7380-01","787"
"00093-7380-01","788"
"00093-7380-01","789"
"00093-7380-01","790"
"00093-7381-01","791"
"00093-7381-01","792"
"00093-7382-01","793"
"00093-7382-01","794"
"00093-7383-01","795"
"00093-7383-01","796"
"00093-7385-56","797"
"00093-7385-56","798"
"00093-7386-56","799"
"00093-7386-56","800"
"00093-7425-56","801"
"00093-7425-56","802"
"00093-7426-56","803"
"00093-7426-56","804"
"00093-7436-01","805"
"00093-7436-01","806"
"00093-7437-01","807"
"00093-7437-01","808"
"00093-7438-01","809"
"00093-7438-01","810"
"00093-7442-56","811"
"00093-7442-56","812"
"00093-7443-56","813"
"00093-7443-56","814"
"00093-7464-56","815"
"00093-7464-56","816"
"00093-7465-98","817"
"00093-7465-98","818"
"00093-7466-98","819"
"00093-7466-98","820"
"00093-7477-01","821"
"00093-7477-01","822"
"00093-7485-20","823"
"00093-7485-20","824"
"00093-7493-06","825"
"00093-7493-06","826"
"00093-7536-56","827"
"00093-7536-56","828"
"00093-7540-06","829"
"00093-7540-06","830"
"00093-7670-01","831"
"00093-7670-01","832"
"00093-7671-01","833"
"00093-7671-01","834"
"00093-7772-01","835"
"00093-7772-01","836"
"00093-7795-06","837"
"00093-7795-06","838"
"00093-7796-06","839"
"00093-7796-06","840"
"00093-8035-01","841"
"00093-8035-01","842"
"00093-8036-01","843"
"00093-8036-01","844"
"00093-8940-01","845"
"00093-8940-01","846"
"00093-9107-29","847"
"00093-9107-29","848"
"00093-9133-06","849"
"00093-9133-06","850"
"00093-9774-01","851"
"00093-9774-01","852"
"00131-2478-35","853"
"00131-2478-35","854"
"00143-1227-01","855"
"00143-1227-01","856"
"00143-1240-01","857"
"00143-1240-01","858"
"00143-1241-01","859"
"00143-1241-01","860"
"00143-1257-01","861"
"00143-1257-01","862"
"00143-1268-01","863"
"00143-1268-01","864"
"00143-1425-01","865"
"00143-1425-01","866"
"00143-1473-01","867"
"00143-1473-01","868"
"00143-1475-01","869"
"00143-1475-01","870"
"00143-3367-01","871"
"00143-3367-01","872"
"00143-9919-01","873"
"00143-9919-01","874"
"00143-9920-01","875"
"00143-9920-01","876"
"00145-0091-25","877"
"00145-0091-25","878"
"00145-3817-03","879"
"00145-3817-03","880"
"00149-0007-05","881"
"00149-0007-05","882"
"00169-0081-81","883"
"00169-0081-81","884"
"00172-2083-60","885"
"00172-2083-60","886"
"00172-2083-60","887"
"00172-2083-60","888"
"00172-2089-60","889"
"00172-2089-60","890"
"00172-2662-46","891"
"00172-2662-46","892"
"00172-2907-60","893"
"00172-2907-60","894"
"00172-2908-60","895"
"00172-2908-60","896"
"00172-3649-60","897"
"00172-3649-60","898"
"00172-3650-70","899"
"00172-3650-70","900"
"00172-3757-60","901"
"00172-3757-60","902"
"00172-3757-60","903"
"00172-3757-60","904"
"00172-3758-60","905"
"00172-3758-60","906"
"00172-3760-60","907"
"00172-3760-60","908"
"00172-3761-60","909"
"00172-3761-60","910"
"00172-3761-60","911"
"00172-3761-60","912"
"00172-3762-60","913"
"00172-3762-60","914"
"00172-3762-60","915"
"00172-3762-60","916"
"00172-4096-60","917"
"00172-4096-60","918"
"00172-4096-60","919"
"00172-4096-60","920"
"00172-4097-60","921"
"00172-4097-60","922"
"00172-4097-60","923"
"00172-4097-60","924"
"00172-4280-60","925"
"00172-4280-60","926"
"00172-4280-60","927"
"00172-4280-60","928"
"00172-4285-60","929"
"00172-4285-60","930"
"00172-4286-60","931"
"00172-4286-60","932"
"00172-4357-49","933"
"00172-4357-49","934"
"00172-4358-46","935"
"00172-4358-46","936"
"00172-4364-60","937"
"00172-4364-60","938"
"00172-4364-60","939"
"00172-4364-60","940"
"00172-4365-60","941"
"00172-4365-60","942"
"00172-4366-60","943"
"00172-4366-60","944"
"00172-4626-60","945"
"00172-4626-60","946"
"00172-4960-58","947"
"00172-4960-58","948"
"00172-5032-60","949"
"00172-5032-60","950"
"00172-5033-60","951"
"00172-5033-60","952"
"00172-5034-60","953"
"00172-5034-60","954"
"00172-5240-60","955"
"00172-5240-60","956"
"00172-5311-60","957"
"00172-5311-60","958"
"00172-5312-70","959"
"00172-5312-70","960"
"00172-5313-60","961"
"00172-5313-60","962"
"00172-5361-60","963"
"00172-5361-60","964"
"00172-5410-46","965"
"00172-5410-46","966"
"00172-5411-46","967"
"00172-5411-46","968"
"00172-5412-79","969"
"00172-5412-79","970"
"00172-5413-46","971"
"00172-5413-46","972"
"00172-5413-46","973"
"00172-5413-46","974"
"00172-5728-60","975"
"00172-5728-60","976"
"00172-5728-60","977"
"00172-5728-60","978"
"00172-5729-60","979"
"00172-5729-60","980"
"00172-6359-60","981"
"00172-6359-60","982"
"00172-7310-46","983"
"00172-7310-46","984"
"00172-7311-46","985"
"00172-7311-46","986"
"00172-7312-46","987"
"00172-7312-46","988"
"00173-0135-55","989"
"00173-0135-55","990"
"00173-0178-55","991"
"00173-0178-55","992"
"00173-0556-02","993"
"00173-0556-02","994"
"00173-0561-00","995"
"00173-0561-00","996"
"00173-0562-00","997"
"00173-0562-00","998"
"00173-0565-04","999"
"00173-0565-04","1000"
"00173-0595-00","1001"
"00173-0595-00","1002"
"00173-0755-00","1003"
"00173-0755-00","1004"
"00173-0758-60","1005"
"00173-0758-60","1006"
"00173-0759-60","1007"
"00173-0759-60","1008"
"00173-0760-60","1009"
"00173-0760-60","1010"
"00173-0785-01","1011"
"00173-0785-01","1012"
"00173-0933-08","1013"
"00173-0933-08","1014"
"00173-0949-55","1015"
"00173-0949-55","1016"
"00178-0615-01","1017"
"00178-0615-01","1018"
"00185-0048-01","1019"
"00185-0048-01","1020"
"00185-0053-01","1021"
"00185-0053-01","1022"
"00185-0117-01","1023"
"00185-0117-01","1024"
"00185-0124-01","1025"
"00185-0124-01","1026"
"00185-0149-01","1027"
"00185-0149-01","1028"
"00185-0505-01","1029"
"00185-0505-01","1030"
"00186-0520-60","1031"
"00186-0520-60","1032"
"00186-1088-05","1033"
"00186-1088-05","1034"
"00186-1090-05","1035"
"00186-1090-05","1036"
"00186-1092-05","1037"
"00186-1092-05","1038"
"00186-5040-31","1039"
"00186-5040-31","1040"
"00187-0844-01","1041"
"00187-0844-01","1042"
"00228-2127-10","1043"
"00228-2127-10","1044"
"00228-2128-10","1045"
"00228-2128-10","1046"
"00228-2550-06","1047"
"00228-2550-06","1048"
"00228-2551-06","1049"
"00228-2551-06","1050"
"00228-2633-06","1051"
"00228-2633-06","1052"
"00228-2634-06","1053"
"00228-2634-06","1054"
"00228-2717-11","1055"
"00228-2717-11","1056"
"00228-2779-11","1057"
"00228-2779-11","1058"
"00228-2803-11","1059"
"00228-2803-11","1060"
"00245-0041-11","1061"
"00245-0041-11","1062"
"00310-0279-10","1063"
"00310-0279-10","1064"
"00310-0281-60","1065"
"00310-0281-60","1066"
"00310-0282-60","1067"
"00310-0282-60","1068"
"00378-0143-01","1069"
"00378-0143-01","1070"
"00378-0152-01","1071"
"00378-0152-01","1072"
"00378-0183-01","1073"
"00378-0183-01","1074"
"00378-0184-01","1075"
"00378-0184-01","1076"
"00378-0186-01","1077"
"00378-0186-01","1078"
"00378-0208-01","1079"
"00378-0208-01","1080"
"00378-0216-01","1081"
"00378-0216-01","1082"
"00378-0218-01","1083"
"00378-0218-01","1084"
"00378-0232-01","1085"
"00378-0232-01","1086"
"00378-0305-01","1087"
"00378-0305-01","1088"
"00378-0310-01","1089"
"00378-0310-01","1090"
"00378-0350-01","1091"
"00378-0350-01","1092"
"00378-0501-01","1093"
"00378-0501-01","1094"
"00378-0503-01","1095"
"00378-0503-01","1096"
"00378-0505-01","1097"
"00378-0505-01","1098"
"00378-0722-19","1099"
"00378-0722-19","1100"
"00378-0724-19","1101"
"00378-0724-19","1102"
"00378-1010-01","1103"
"00378-1010-01","1104"
"00378-1053-01","1105"
"00378-1053-01","1106"
"00378-1105-01","1107"
"00378-1105-01","1108"
"00378-1110-01","1109"
"00378-1110-01","1110"
"00378-1125-01","1111"
"00378-1125-01","1112"
"00378-1140-01","1113"
"00378-1140-01","1114"
"00378-1150-01","1115"
"00378-1150-01","1116"
"00378-1165-91","1117"
"00378-1165-91","1118"
"00378-1411-01","1119"
"00378-1411-01","1120"
"00378-1800-01","1121"
"00378-1800-01","1122"
"00378-1803-01","1123"
"00378-1803-01","1124"
"00378-1807-01","1125"
"00378-1807-01","1126"
"00378-1809-01","1127"
"00378-1809-01","1128"
"00378-1811-01","1129"
"00378-1811-01","1130"
"00378-1813-01","1131"
"00378-1813-01","1132"
"00378-1815-01","1133"
"00378-1815-01","1134"
"00378-1819-01","1135"
"00378-1819-01","1136"
"00378-1821-01","1137"
"00378-1821-01","1138"
"00378-1823-01","1139"
"00378-1823-01","1140"
"00378-2072-01","1141"
"00378-2072-01","1142"
"00378-2073-01","1143"
"00378-2073-01","1144"
"00378-2074-01","1145"
"00378-2074-01","1146"
"00378-2076-01","1147"
"00378-2076-01","1148"
"00378-2077-01","1149"
"00378-2077-01","1150"
"00378-2180-01","1151"
"00378-2180-01","1152"
"00378-2537-01","1153"
"00378-2537-01","1154"
"00378-2625-01","1155"
"00378-2625-01","1156"
"00378-2650-01","1157"
"00378-2650-01","1158"
"00378-2675-01","1159"
"00378-2675-01","1160"
"00378-3205-01","1161"
"00378-3205-01","1162"
"00378-3475-01","1163"
"00378-3475-01","1164"
"00378-3482-01","1165"
"00378-3482-01","1166"
"00378-3495-01","1167"
"00378-3495-01","1168"
"00378-3632-01","1169"
"00378-3632-01","1170"
"00378-3855-77","1171"
"00378-3855-77","1172"
"00378-3856-77","1173"
"00378-3856-77","1174"
"00378-3857-77","1175"
"00378-3857-77","1176"
"00378-4151-01","1177"
"00378-4151-01","1178"
"00378-4186-93","1179"
"00378-4186-93","1180"
"00378-4884-01","1181"
"00378-4884-01","1182"
"00378-5123-01","1183"
"00378-5123-01","1184"
"00378-5124-01","1185"
"00378-5124-01","1186"
"00378-6231-01","1187"
"00378-6231-01","1188"
"00378-6232-01","1189"
"00378-6232-01","1190"
"00378-6233-01","1191"
"00378-6233-01","1192"
"00378-6440-01","1193"
"00378-6440-01","1194"
"00378-7002-93","1195"
"00378-7002-93","1196"
"00378-7003-93","1197"
"00378-7003-93","1198"
"00456-0457-01","1199"
"00456-0457-01","1200"
"00456-1420-30","1201"
"00456-1420-30","1202"
"00456-1550-60","1203"
"00456-1550-60","1204"
"00456-3210-60","1205"
"00456-3210-60","1206"
"00527-1311-01","1207"
"00527-1311-01","1208"
"00527-1413-01","1209"
"00527-1413-01","1210"
"00555-0059-02","1211"
"00555-0059-02","1212"
"00555-0066-02","1213"
"00555-0066-02","1214"
"00555-0071-01","1215"
"00555-0071-01","1216"
"00555-0138-09","1217"
"00555-0138-09","1218"
"00555-0139-09","1219"
"00555-0139-09","1220"
"00555-0140-09","1221"
"00555-0140-09","1222"
"00555-0211-10","1223"
"00555-0211-10","1224"
"00555-0252-02","1225"
"00555-0252-02","1226"
"00555-0285-02","1227"
"00555-0285-02","1228"
"00555-0286-02","1229"
"00555-0286-02","1230"
"00555-0302-02","1231"
"00555-0302-02","1232"
"00555-0323-02","1233"
"00555-0323-02","1234"
"00555-0324-02","1235"
"00555-0324-02","1236"
"00555-0483-02","1237"
"00555-0483-02","1238"
"00555-0484-01","1239"
"00555-0484-01","1240"
"00555-0485-27","1241"
"00555-0485-27","1242"
"00555-0513-02","1243"
"00555-0513-02","1244"
"00555-0572-35","1245"
"00555-0572-35","1246"
"00555-0588-01","1247"
"00555-0588-01","1248"
"00555-0589-01","1249"
"00555-0589-01","1250"
"00555-0590-01","1251"
"00555-0590-01","1252"
"00555-0607-02","1253"
"00555-0607-02","1254"
"00555-0633-02","1255"
"00555-0633-02","1256"
"00555-0634-02","1257"
"00555-0634-02","1258"
"00555-0635-09","1259"
"00555-0635-09","1260"
"00555-0715-58","1261"
"00555-0715-58","1262"
"00555-0733-02","1263"
"00555-0733-02","1264"
"00555-0779-02","1265"
"00555-0779-02","1266"
"00555-0808-02","1267"
"00555-0808-02","1268"
"00555-0831-02","1269"
"00555-0831-02","1270"
"00555-0831-02","1271"
"00555-0831-02","1272"
"00555-0832-02","1273"
"00555-0832-02","1274"
"00555-0832-02","1275"
"00555-0832-02","1276"
"00555-0833-02","1277"
"00555-0833-02","1278"
"00555-0834-02","1279"
"00555-0834-02","1280"
"00555-0834-02","1281"
"00555-0834-02","1282"
"00555-0835-02","1283"
"00555-0835-02","1284"
"00555-0835-02","1285"
"00555-0835-02","1286"
"00555-0859-02","1287"
"00555-0859-02","1288"
"00555-0860-02","1289"
"00555-0860-02","1290"
"00555-0861-02","1291"
"00555-0861-02","1292"
"00555-0869-02","1293"
"00555-0869-02","1294"
"00555-0873-02","1295"
"00555-0873-02","1296"
"00555-0874-02","1297"
"00555-0874-02","1298"
"00555-0882-02","1299"
"00555-0882-02","1300"
"00555-0886-02","1301"
"00555-0886-02","1302"
"00555-0887-02","1303"
"00555-0887-02","1304"
"00555-0899-02","1305"
"00555-0899-02","1306"
"00555-0917-09","1307"
"00555-0917-09","1308"
"00555-0925-02","1309"
"00555-0925-02","1310"
"00555-0925-02","1311"
"00555-0925-02","1312"
"00555-0926-02","1313"
"00555-0926-02","1314"
"00555-0967-02","1315"
"00555-0967-02","1316"
"00555-0969-02","1317"
"00555-0969-02","1318"
"00555-0980-37","1319"
"00555-0980-37","1320"
"00555-0997-02","1321"
"00555-0997-02","1322"
"00555-1020-01","1323"
"00555-1020-01","1324"
"00555-1021-01","1325"
"00555-1021-01","1326"
"00555-1022-01","1327"
"00555-1022-01","1328"
"00555-1055-86","1329"
"00555-1055-86","1330"
"00555-1056-86","1331"
"00555-1056-86","1332"
"00555-1057-86","1333"
"00555-1057-86","1334"
"00555-1883-02","1335"
"00555-1883-02","1336"
"00555-9008-67","1337"
"00555-9008-67","1338"
"00555-9008-67","1339"
"00555-9008-67","1340"
"00555-9009-42","1341"
"00555-9009-42","1342"
"00555-9010-58","1343"
"00555-9010-58","1344"
"00555-9010-58","1345"
"00555-9010-58","1346"
"00555-9012-58","1347"
"00555-9012-58","1348"
"00555-9012-58","1349"
"00555-9012-58","1350"
"00555-9012-58","1351"
"00555-9012-58","1352"
"00555-9012-58","1353"
"00555-9012-58","1354"
"00555-9014-67","1355"
"00555-9014-67","1356"
"00555-9014-67","1357"
"00555-9014-67","1358"
"00555-9016-58","1359"
"00555-9016-58","1360"
"00555-9016-58","1361"
"00555-9016-58","1362"
"00555-9025-42","1363"
"00555-9025-42","1364"
"00555-9026-58","1365"
"00555-9026-58","1366"
"00555-9026-58","1367"
"00555-9026-58","1368"
"00555-9027-42","1369"
"00555-9027-42","1370"
"00555-9028-58","1371"
"00555-9028-58","1372"
"00555-9028-58","1373"
"00555-9028-58","1374"
"00555-9032-70","1375"
"00555-9032-70","1376"
"00555-9032-70","1377"
"00555-9032-70","1378"
"00555-9032-70","1379"
"00555-9032-70","1380"
"00555-9032-70","1381"
"00555-9032-70","1382"
"00555-9034-58","1383"
"00555-9034-58","1384"
"00555-9034-58","1385"
"00555-9034-58","1386"
"00591-0302-01","1387"
"00591-0302-01","1388"
"00591-0388-01","1389"
"00591-0388-01","1390"
"00591-0406-01","1391"
"00591-0406-01","1392"
"00591-2473-19","1393"
"00591-2473-19","1394"
"00591-3202-01","1395"
"00591-3202-01","1396"
"00591-3210-60","1397"
"00591-3210-60","1398"
"00591-5052-01","1399"
"00591-5052-01","1400"
"00591-5307-01","1401"
"00591-5307-01","1402"
"00591-5335-01","1403"
"00591-5335-01","1404"
"00591-5442-01","1405"
"00591-5442-01","1406"
"00591-5554-01","1407"
"00591-5554-01","1408"
"00591-5556-01","1409"
"00591-5556-01","1410"
"00591-5694-01","1411"
"00591-5694-01","1412"
"00591-5788-01","1413"
"00591-5788-01","1414"
"00597-0044-37","1415"
"00597-0044-37","1416"
"00597-0046-60","1417"
"00597-0046-60","1418"
"00603-2406-21","1419"
"00603-2406-21","1420"
"00603-2545-21","1421"
"00603-2545-21","1422"
"00603-2957-21","1423"
"00603-2957-21","1424"
"00603-3079-21","1425"
"00603-3079-21","1426"
"00603-3741-21","1427"
"00603-3741-21","1428"
"00603-3856-21","1429"
"00603-3856-21","1430"
"00603-5165-32","1431"
"00603-5165-32","1432"
"00603-5438-21","1433"
"00603-5438-21","1434"
"00603-5771-21","1435"
"00603-5771-21","1436"
"00603-6147-21","1437"
"00603-6147-21","1438"
"00603-6148-21","1439"
"00603-6148-21","1440"
"00777-3105-02","1441"
"00777-3105-02","1442"
"00781-1146-01","1443"
"00781-1146-01","1444"
"00781-1191-01","1445"
"00781-1191-01","1446"
"00781-1452-01","1447"
"00781-1452-01","1448"
"00781-1486-01","1449"
"00781-1486-01","1450"
"00781-1487-01","1451"
"00781-1506-01","1452"
"00781-1506-01","1453"
"00781-1507-01","1454"
"00781-1507-01","1455"
"00781-1787-01","1456"
"00781-1787-01","1457"
"00781-1966-01","1458"
"00781-1966-01","1459"
"00781-2020-05","1460"
"00781-2020-05","1461"
"00781-2053-01","1462"
"00781-2053-01","1463"
"00781-2054-01","1464"
"00781-2054-01","1465"
"00781-2201-01","1466"
"00781-2201-01","1467"
"00781-5046-01","1468"
"00781-5046-01","1469"
"00781-5181-01","1470"
"00781-5181-01","1471"
"00781-5183-01","1472"
"00781-5183-01","1473"
"00781-5184-01","1474"
"00781-5184-01","1475"
"00781-5185-01","1476"
"00781-5185-01","1477"
"00781-5186-01","1478"
"00781-5186-01","1479"
"00781-5187-01","1480"
"00781-5187-01","1481"
"00781-5188-01","1482"
"00781-5188-01","1483"
"00781-5189-01","1484"
"00781-5189-01","1485"
"00781-5191-01","1486"
"00781-5191-01","1487"
"00781-5405-01","1488"
"00781-5405-01","1489"
"00832-0038-00","1490"
"00832-0038-00","1491"
"00832-1024-00","1492"
"00832-1024-00","1493"
"00832-1025-00","1494"
"00832-1025-00","1495"
"00832-1080-00","1496"
"00832-1080-00","1497"
"10144-0602-15","1498"
"10144-0602-15","1499"
"10144-0604-15","1500"
"10144-0604-15","1501"
"10144-0606-15","1502"
"10144-0606-15","1503"
"12496-1283-02","1504"
"12496-1283-02","1505"
"13811-0583-30","1506"
"13811-0583-30","1507"
"15456-0980-04","1508"
"15456-0980-04","1509"
"16110-0075-01","1510"
"16110-0075-01","1511"
"16252-0516-05","1512"
"16252-0516-05","1513"
"16252-0572-50","1514"
"16252-0572-50","1515"
"16252-0590-99","1516"
"16252-0590-99","1517"
"16252-0591-99","1518"
"16252-0591-99","1519"
"16714-0663-01","1520"
"16714-0663-01","1521"
"16729-0042-01","1522"
"16729-0042-01","1523"
"23155-0062-01","1524"
"23155-0062-01","1525"
"23635-0108-20","1526"
"23635-0108-20","1527"
"25010-0205-15","1528"
"25010-0205-15","1529"
"27437-0201-08","1530"
"27437-0201-08","1531"
"29033-0020-12","1532"
"29033-0020-12","1533"
"31722-0278-10","1534"
"31722-0278-10","1535"
"39822-0205-01","1536"
"39822-0205-01","1537"
"41616-0636-83","1538"
"41616-0636-83","1539"
"41616-0759-83","1540"
"41616-0759-83","1541"
"42043-0190-04","1542"
"42043-0190-04","1543"
"43386-0660-24","1544"
"43386-0660-24","1545"
"47335-0580-81","1546"
"47335-0580-81","1547"
"47335-0894-81","1548"
"47335-0894-81","1549"
"47781-0307-01","1550"
"47781-0307-01","1551"
"49230-0640-21","1552"
"49230-0640-21","1553"
"49884-0401-91","1554"
"49884-0401-91","1555"
"49884-0403-91","1556"
"49884-0403-91","1557"
"49884-0544-01","1558"
"49884-0544-01","1559"
"49884-0652-01","1560"
"49884-0652-01","1561"
"49884-0653-01","1562"
"49884-0653-01","1563"
"49884-0922-02","1564"
"49884-0922-02","1565"
"50111-0307-01","1566"
"50111-0307-01","1567"
"50111-0308-01","1568"
"50111-0308-01","1569"
"50111-0308-01","1570"
"50111-0308-01","1571"
"50111-0309-01","1572"
"50111-0309-01","1573"
"50111-0323-01","1574"
"50111-0323-01","1575"
"50111-0324-01","1576"
"50111-0324-01","1577"
"50111-0325-01","1578"
"50111-0325-01","1579"
"50111-0326-01","1580"
"50111-0326-01","1581"
"50111-0327-01","1582"
"50111-0327-01","1583"
"50111-0328-01","1584"
"50111-0328-01","1585"
"50111-0328-01","1586"
"50111-0328-01","1587"
"50111-0333-01","1588"
"50111-0333-01","1589"
"50111-0334-01","1590"
"50111-0334-01","1591"
"50111-0393-01","1592"
"50111-0393-01","1593"
"50111-0395-01","1594"
"50111-0395-01","1595"
"50111-0397-01","1596"
"50111-0397-01","1597"
"50111-0397-01","1598"
"50111-0397-01","1599"
"50111-0398-01","1600"
"50111-0398-01","1601"
"50111-0433-01","1602"
"50111-0433-01","1603"
"50111-0434-01","1604"
"50111-0434-01","1605"
"50111-0434-01","1606"
"50111-0434-01","1607"
"50111-0441-01","1608"
"50111-0441-01","1609"
"50111-0459-01","1610"
"50111-0459-01","1611"
"50111-0467-01","1612"
"50111-0467-01","1613"
"50111-0468-01","1614"
"50111-0468-01","1615"
"50111-0468-01","1616"
"50111-0468-01","1617"
"50111-0469-01","1618"
"50111-0469-01","1619"
"50111-0470-01","1620"
"50111-0470-01","1621"
"50111-0471-01","1622"
"50111-0471-01","1623"
"50111-0482-01","1624"
"50111-0482-01","1625"
"50111-0483-01","1626"
"50111-0483-01","1627"
"50111-0518-01","1628"
"50111-0518-01","1629"
"50111-0563-01","1630"
"50111-0563-01","1631"
"50111-0563-01","1632"
"50111-0563-01","1633"
"50111-0647-01","1634"
"50111-0647-01","1635"
"50111-0648-01","1636"
"50111-0648-01","1637"
"50111-0787-66","1638"
"50111-0787-66","1639"
"50111-0851-01","1640"
"50111-0851-01","1641"
"50111-0852-01","1642"
"50111-0852-01","1643"
"50111-0852-01","1644"
"50111-0852-01","1645"
"50111-0884-05","1646"
"50111-0884-05","1647"
"50111-0901-01","1648"
"50111-0901-01","1649"
"50111-0916-01","1650"
"50111-0916-01","1651"
"50419-0488-58","1652"
"50419-0488-58","1653"
"50458-0551-01","1654"
"50458-0551-01","1655"
"50458-0579-30","1656"
"50458-0579-30","1657"
"50458-0580-30","1658"
"50458-0580-30","1659"
"50458-0925-50","1660"
"50458-0925-50","1661"
"51248-0151-03","1662"
"51248-0151-03","1663"
"51285-0063-90","1664"
"51285-0063-90","1665"
"51285-0063-90","1666"
"51285-0063-90","1667"
"51285-0079-97","1668"
"51285-0079-97","1669"
"51285-0080-70","1670"
"51285-0080-70","1671"
"51285-0080-70","1672"
"51285-0080-70","1673"
"51285-0082-97","1674"
"51285-0082-97","1675"
"51285-0083-70","1676"
"51285-0083-70","1677"
"51285-0083-70","1678"
"51285-0083-70","1679"
"51285-0087-87","1680"
"51285-0087-87","1681"
"51285-0087-87","1682"
"51285-0087-87","1683"
"51285-0091-58","1684"
"51285-0091-58","1685"
"51285-0091-58","1686"
"51285-0091-58","1687"
"51285-0092-87","1688"
"51285-0092-87","1689"
"51285-0092-87","1690"
"51285-0092-87","1691"
"51285-0114-58","1692"
"51285-0114-58","1693"
"51285-0114-58","1694"
"51285-0114-58","1695"
"51285-0114-58","1696"
"51285-0114-58","1697"
"51285-0406-02","1698"
"51285-0406-02","1699"
"51285-0424-10","1700"
"51285-0424-10","1701"
"51285-0523-02","1702"
"51285-0523-02","1703"
"51285-0524-02","1704"
"51285-0524-02","1705"
"51285-0538-02","1706"
"51285-0538-02","1707"
"51285-0539-02","1708"
"51285-0539-02","1709"
"51285-0595-02","1710"
"51285-0595-02","1711"
"51285-0690-02","1712"
"51285-0690-02","1713"
"51285-0691-02","1714"
"51285-0691-02","1715"
"51285-0692-02","1716"
"51285-0692-02","1717"
"51285-0697-02","1718"
"51285-0697-02","1719"
"51285-0754-02","1720"
"51285-0754-02","1721"
"51672-4016-01","1722"
"51672-4016-01","1723"
"51672-4029-01","1724"
"51672-4029-01","1725"
"51672-4030-01","1726"
"51672-4030-01","1727"
"51672-4032-01","1728"
"51672-4032-01","1729"
"51672-4033-01","1730"
"51672-4033-01","1731"
"51672-4035-01","1732"
"51672-4035-01","1733"
"51672-4042-02","1734"
"51672-4042-02","1735"
"52544-0152-30","1736"
"52544-0152-30","1737"
"52544-0291-28","1738"
"52544-0291-28","1739"
"52544-0291-28","1740"
"52544-0291-28","1741"
"52544-0913-01","1742"
"52544-0913-01","1743"
"53014-0404-10","1744"
"53014-0404-10","1745"
"53489-0105-01","1746"
"53489-0105-01","1747"
"53489-0135-01","1748"
"53489-0135-01","1749"
"53489-0138-01","1750"
"53489-0138-01","1751"
"53489-0139-01","1752"
"53489-0139-01","1753"
"53489-0143-01","1754"
"53489-0143-01","1755"
"53489-0146-01","1756"
"53489-0146-01","1757"
"53489-0384-01","1758"
"53489-0384-01","1759"
"53489-0400-01","1760"
"53489-0400-01","1761"
"53489-0469-01","1762"
"53489-0469-01","1763"
"53489-0510-01","1764"
"53489-0510-01","1765"
"53489-0531-01","1766"
"53489-0531-01","1767"
"53489-0648-01","1768"
"53489-0648-01","1769"
"53746-0190-05","1770"
"53746-0190-05","1771"
"54092-0189-81","1772"
"54092-0189-81","1773"
"54092-0517-02","1774"
"54092-0517-02","1775"
"55111-0180-15","1776"
"55111-0180-15","1777"
"55111-0196-90","1778"
"55111-0196-90","1779"
"55111-0197-30","1780"
"55111-0197-30","1781"
"55111-0198-30","1782"
"55111-0198-30","1783"
"55111-0268-30","1784"
"55111-0268-30","1785"
"55111-0343-30","1786"
"55111-0343-30","1787"
"55111-0344-30","1788"
"55111-0344-30","1789"
"55513-0073-30","1790"
"55513-0073-30","1791"
"58468-0130-01","1792"
"58468-0130-01","1793"
"59148-0006-13","1794"
"59148-0006-13","1795"
"59762-1301-01","1796"
"59762-1301-01","1797"
"59762-2002-01","1798"
"59762-2002-01","1799"
"59762-2003-01","1800"
"59762-2003-01","1801"
"59762-2004-01","1802"
"59762-2004-01","1803"
"59762-2858-01","1804"
"59762-2858-01","1805"
"59762-4910-01","1806"
"59762-4910-01","1807"
"59762-4960-01","1808"
"59762-4960-01","1809"
"59762-5008-01","1810"
"59762-5008-01","1811"
"59762-5011-01","1812"
"59762-5011-01","1813"
"59762-5018-01","1814"
"59762-5018-01","1815"
"59762-5019-01","1816"
"59762-5019-01","1817"
"59762-5021-01","1818"
"59762-5021-01","1819"
"59762-5022-01","1820"
"59762-5022-01","1821"
"59762-5024-01","1822"
"59762-5024-01","1823"
"59762-5033-02","1824"
"59762-5033-02","1825"
"60505-0065-00","1826"
"60505-0065-00","1827"
"60505-0065-01","1828"
"60505-0065-01","1829"
"60505-0146-00","1830"
"60505-0146-00","1831"
"60505-0146-00","1832"
"60505-0185-00","1833"
"60505-0185-00","1834"
"60505-1308-01","1835"
"60505-1308-01","1836"
"60505-2580-09","1837"
"60505-2580-09","1838"
"60505-2671-09","1839"
"60505-2671-09","1840"
"60505-5307-01","1841"
"60505-5307-01","1842"
"61958-1001-01","1843"
"61958-1001-01","1844"
"62037-0577-01","1845"
"62037-0577-01","1846"
"62037-0640-30","1847"
"62037-0640-30","1848"
"62037-0793-60","1849"
"62037-0793-60","1850"
"62037-0999-10","1851"
"62037-0999-10","1852"
"62559-1507-00","1853"
"62559-1507-00","1854"
"62756-0712-86","1855"
"62756-0712-86","1856"
"63010-0027-70","1857"
"63010-0027-70","1858"
"63304-0553-05","1859"
"63304-0553-05","1860"
"63304-0579-01","1861"
"63304-0579-01","1862"
"63304-0693-01","1863"
"63304-0693-01","1864"
"63304-0827-90","1865"
"63304-0827-90","1866"
"63304-0829-90","1867"
"63304-0829-90","1868"
"63304-0830-90","1869"
"63304-0830-90","1870"
"63459-0101-30","1871"
"63459-0101-30","1872"
"63459-0215-30","1873"
"63459-0215-30","1874"
"63459-0402-30","1875"
"63459-0402-30","1876"
"63459-0404-30","1877"
"63459-0404-30","1878"
"63459-0412-30","1879"
"63459-0412-30","1880"
"63459-0416-30","1881"
"63459-0416-30","1882"
"63459-0700-60","1883"
"63459-0700-60","1884"
"63459-0701-60","1885"
"63459-0701-60","1886"
"64679-0929-01","1887"
"64679-0929-01","1888"
"64679-0936-03","1889"
"64679-0936-03","1890"
"64679-0953-01","1891"
"64679-0953-01","1892"
"64720-0323-10","1893"
"64720-0323-10","1894"
"64764-0805-30","1895"
"64764-0805-30","1896"
"64764-0918-30","1897"
"64764-0918-30","1898"
"64980-0112-01","1899"
"64980-0112-01","1900"
"65162-0212-11","1901"
"65162-0212-11","1902"
"65197-0002-01","1903"
"65197-0002-01","1904"
"65580-0302-03","1905"
"65580-0302-03","1906"
"65580-0303-03","1907"
"65580-0303-03","1908"
"65580-0304-03","1909"
"65580-0304-03","1910"
"65597-0118-30","1911"
"65597-0118-30","1912"
"65597-0701-18","1913"
"65597-0701-18","1914"
"65862-0012-30","1915"
"65862-0012-30","1916"
"65862-0044-01","1917"
"65862-0044-01","1918"
"65862-0050-30","1919"
"65862-0050-30","1920"
"65862-0052-30","1921"
"65862-0052-30","1922"
"65862-0053-30","1923"
"65862-0053-30","1924"
"65862-0054-30","1925"
"65862-0054-30","1926"
"65862-0064-01","1927"
"65862-0064-01","1928"
"65862-0142-01","1929"
"65862-0142-01","1930"
"65862-0144-01","1931"
"65862-0144-01","1932"
"65862-0155-30","1933"
"65862-0155-30","1934"
"65862-0156-30","1935"
"65862-0156-30","1936"
"65862-0537-50","1937"
"65862-0537-50","1938"
"66213-0421-10","1939"
"66213-0421-10","1940"
"66582-0312-31","1941"
"66582-0312-31","1942"
"66582-0313-31","1943"
"66582-0313-31","1944"
"66993-0107-02","1945"
"66993-0107-02","1946"
"67253-0902-10","1947"
"67253-0902-10","1948"
"67767-0133-60","1949"
"67767-0133-60","1950"
"67877-0147-01","1951"
"67877-0147-01","1952"
"68012-0104-30","1953"
"68012-0104-30","1954"
"68180-0478-01","1955"
"68180-0478-01","1956"
"68180-0479-01","1957"
"68180-0479-01","1958"
"68180-0480-01","1959"
"68180-0480-01","1960"
"68180-0481-01","1961"
"68180-0481-01","1962"
"68180-0501-01","1963"
"68180-0501-01","1964"
"68180-0502-01","1965"
"68180-0502-01","1966"
"68180-0518-01","1967"
"68180-0518-01","1968"
"68382-0022-01","1969"
"68382-0022-01","1970"
"68382-0023-01","1971"
"68382-0023-01","1972"
"68382-0024-01","1973"
"68382-0024-01","1974"
"68453-0375-10","1975"
"68453-0375-10","1976"
"68453-0850-75","1977"
"68453-0850-75","1978"
"68462-0160-01","1979"
"68462-0160-01","1980"
"68462-0163-01","1981"
"68462-0163-01","1982"
"68462-0208-01","1983"
"68462-0208-01","1984"
"68462-0358-05","1985"
"68462-0358-05","1986"
"68462-0360-01","1987"
"68462-0360-01","1988"
"68462-0361-01","1989"
"68462-0361-01","1990"
"68546-0142-56","1991"
"68546-0142-56","1992"
"68546-0229-56","1993"
"68546-0229-56","1994"
"68968-3500-01","1995"
"68968-3500-01","1996"
"99207-0461-30","1997"
"99207-0461-30","1998"
"99207-0467-30","1999"
"99207-0467-30","2000"
